{"cameraMode":{"drawMode":0,"name":"Shaded","section":"Shading Mode"},"sceneLighting":true,"audioPlay":false,"sceneViewState":{"showFog":true,"showMaterialUpdate":false,"showSkybox":true,"showFlares":true,"showImageEffects":true,"showParticleSystems":true},"in2DMode":false,"pivot":{"x":3.3665246963500978,"y":0.5926647186279297,"z":-4.194265365600586},"rotation":{"x":-0.24892130494117738,"y":0.3226420283317566,"z":-0.08836019039154053,"w":-0.9089235663414002},"size":22.0,"orthographic":false}