{"cameraMode":{"drawMode":0,"name":"Shaded","section":"Shading Mode"},"sceneLighting":true,"audioPlay":false,"sceneViewState":{"showFog":true,"showMaterialUpdate":false,"showSkybox":true,"showFlares":true,"showImageEffects":true,"showParticleSystems":true},"in2DMode":false,"pivot":{"x":50.35043716430664,"y":57.49130630493164,"z":66.99638366699219},"rotation":{"x":0.470542848110199,"y":0.19916775822639466,"z":-0.10993000864982605,"w":0.8525739312171936},"size":34.16532897949219,"orthographic":false}