{"cameraMode":{"drawMode":0,"name":"Shaded","section":"Shading Mode"},"sceneLighting":false,"audioPlay":false,"sceneViewState":{"showFog":true,"showMaterialUpdate":false,"showSkybox":false,"showFlares":true,"showImageEffects":true,"showParticleSystems":true},"in2DMode":false,"pivot":{"x":93.45001220703125,"y":422.79998779296877,"z":0.0},"rotation":{"x":-0.22688867151737214,"y":0.08664008975028992,"z":-0.020268822088837625,"w":-0.9698477387428284},"size":275.80303955078127,"orthographic":false}