{"cameraMode":{"drawMode":0,"name":"Shaded","section":"Shading Mode"},"sceneLighting":true,"audioPlay":false,"sceneViewState":{"showFog":true,"showMaterialUpdate":false,"showSkybox":true,"showFlares":true,"showImageEffects":true,"showParticleSystems":true},"in2DMode":false,"pivot":{"x":86.9231948852539,"y":2.1591796875,"z":61.47643280029297},"rotation":{"x":0.18301494419574738,"y":-0.17822718620300294,"z":-0.03375604376196861,"w":-0.9662450551986694},"size":1.3452842235565186,"orthographic":false}