{"cameraMode":{"drawMode":0,"name":"Shaded","section":"Shading Mode"},"sceneLighting":false,"audioPlay":false,"sceneViewState":{"showFog":true,"showMaterialUpdate":false,"showSkybox":false,"showFlares":true,"showImageEffects":true,"showParticleSystems":true},"in2DMode":false,"pivot":{"x":38.70001220703125,"y":280.79998779296877,"z":0.0},"rotation":{"x":0.009266024455428124,"y":0.0693311095237732,"z":-0.0008954203221946955,"w":0.9976845979690552},"size":116.67261505126953,"orthographic":false}