{"cameraMode":{"drawMode":0,"name":"Shaded","section":"Shading Mode"},"sceneLighting":true,"audioPlay":false,"sceneViewState":{"showFog":true,"showMaterialUpdate":false,"showSkybox":true,"showFlares":true,"showImageEffects":true,"showParticleSystems":true},"in2DMode":false,"pivot":{"x":79.43258666992188,"y":7.699782848358154,"z":37.58017349243164},"rotation":{"x":-0.3624100685119629,"y":0.0033755528274923565,"z":-0.0010447658132761717,"w":-0.932148277759552},"size":3.5102102756500246,"orthographic":false}