{"cameraMode":{"drawMode":0,"name":"Shaded","section":"Shading Mode"},"sceneLighting":true,"audioPlay":false,"sceneViewState":{"showFog":true,"showMaterialUpdate":false,"showSkybox":true,"showFlares":true,"showImageEffects":true,"showParticleSystems":true},"in2DMode":false,"pivot":{"x":4.0924391746521,"y":4.3104705810546879,"z":-11.867903709411621},"rotation":{"x":0.09209354966878891,"y":0.2870252728462219,"z":-0.027686113491654397,"w":0.9531295299530029},"size":2.9882750511169435,"orthographic":false}